{
  "trials": 30,
  "outliers_removed": 1,
  "file_name": "non-ascii-text.pdf",
  "cold_duration": 18.80530079199525,
  "cold_content_length": 85496,
  "cold_tables": 6,
  "cold_chunks": 55,
  "warm_mean": 2.9609207684126008e-5,
  "warm_stdev": 3.831031853809738e-6,
  "warm_median": 2.9291502869455144e-5,
  "warm_min": 2.4957997084129602e-5,
  "warm_max": 4.4291002268437296e-5,
  "warm_ci_lower": 2.8214854363031905e-5,
  "warm_ci_upper": 3.100356100522011e-5,
  "coefficient_of_variation": 12.93865035052464,
  "speedup_mean": 635116.6499493023,
  "speedup_conservative": 424585.1262976793,
  "time_saved_seconds": 18.805271182787568,
  "time_saved_percent": 99.99984254860898,
  "content_accuracy": true,
  "tables_consistency": true,
  "performance_stable": false,
  "cache_items": 38,
  "cache_size_mb": 0.1780242919921875,
  "warm_times_raw": [
    4.4291002268437296e-5, 3.666600241558626e-5, 2.925000444520265e-5,
    2.824999683070928e-5, 2.7125002816319466e-5, 3.6708006518892944e-5,
    3.6249999538995326e-5, 2.7165995561517775e-5, 3.020900476258248e-5,
    3.108399687334895e-5, 2.933300129370764e-5, 2.6041998353321105e-5,
    2.5667002773843706e-5, 2.5332999939564615e-5, 2.516699896659702e-5,
    2.795799809973687e-5, 2.7666996174957603e-5, 3.4083001082763076e-5,
    2.5667002773843706e-5, 2.9709000955335796e-5, 3.650000144261867e-5,
    3.3666001399978995e-5, 3.0082999728620052e-5, 3.233399911550805e-5,
    3.2083000405691564e-5, 2.8333000955171883e-5, 2.5375004042871296e-5,
    2.5042005290742964e-5, 2.4957997084129602e-5, 3.0959003197494894e-5
  ],
  "warm_times_filtered": [
    3.666600241558626e-5, 2.925000444520265e-5, 2.824999683070928e-5,
    2.7125002816319466e-5, 3.6708006518892944e-5, 3.6249999538995326e-5,
    2.7165995561517775e-5, 3.020900476258248e-5, 3.108399687334895e-5,
    2.933300129370764e-5, 2.6041998353321105e-5, 2.5667002773843706e-5,
    2.5332999939564615e-5, 2.516699896659702e-5, 2.795799809973687e-5,
    2.7666996174957603e-5, 3.4083001082763076e-5, 2.5667002773843706e-5,
    2.9709000955335796e-5, 3.650000144261867e-5, 3.3666001399978995e-5,
    3.0082999728620052e-5, 3.233399911550805e-5, 3.2083000405691564e-5,
    2.8333000955171883e-5, 2.5375004042871296e-5, 2.5042005290742964e-5,
    2.4957997084129602e-5, 3.0959003197494894e-5
  ]
}
