{
  "cold_trials": 5,
  "warm_trials": 49,
  "outliers_removed": 1,
  "cold_mean": 3.574184958000842,
  "cold_stdev": 7.992044178586,
  "cold_median": 3.604100493248552e-5,
  "cold_min": 2.8624999686144292e-5,
  "cold_max": 17.870788207997975,
  "cold_ci_lower": -3.574116666999064,
  "cold_ci_upper": 10.722486583000748,
  "warm_mean": 2.474499951302055e-5,
  "warm_stdev": 1.7500576051864006e-6,
  "warm_median": 2.5020497560035437e-5,
  "warm_min": 2.2125001123640686e-5,
  "warm_max": 2.8542002837639302e-5,
  "warm_ci_lower": 2.4254983383568358e-5,
  "warm_ci_upper": 2.523501564247274e-5,
  "speedup_mean": 144440.69623521896,
  "speedup_conservative": 1.1277261786917985,
  "coefficient_of_variation": 7.072368719447901,
  "content_accuracy": true,
  "cache_stable": true,
  "cache_size_mb": 0.0,
  "cache_items": 0
}
